,visc,tau,est_visc,est_acc,algorithm,fluid,runtime
0,2.128850e-03,1.044837e+01,2.180737e-03,2.437317e+00,N4SID,ethanol,1.486770e-02
1,2.128850e-03,1.038554e+01,2.167623e-03,1.821295e+00,FROLS,ethanol,9.819900e-03
2,2.128850e-03,7.641900e+00,1.594983e-03,2.507772e+01,LSTM,ethanol,4.529530e-02
3,2.128850e-03,1.267853e+01,2.646206e-03,2.430211e+01,CNN,ethanol,4.118530e-02
4,2.128850e-03,2.818748e+00,5.883164e-04,7.236459e+01,qLSTM,ethanol,1.260520e-02
5,2.128850e-03,9.063228e+00,1.891636e-03,1.114281e+01,qCNN,ethanol,1.613000e-04
6,2.128850e-03,1.010621e+01,2.109324e-03,9.172269e-01,N4SID,ethanol,1.512870e-02
7,2.128850e-03,9.955462e+00,2.077859e-03,2.395220e+00,FROLS,ethanol,1.004260e-02
8,2.128850e-03,7.260929e+00,1.515469e-03,2.881280e+01,LSTM,ethanol,4.652240e-02
9,2.128850e-03,1.185176e+01,2.473645e-03,1.619632e+01,CNN,ethanol,4.049910e-02
10,2.128850e-03,3.923740e+00,8.189455e-04,6.153109e+01,qLSTM,ethanol,1.223830e-02
11,2.128850e-03,9.063228e+00,1.891636e-03,1.114281e+01,qCNN,ethanol,1.674000e-04
12,2.128850e-03,1.037251e+01,2.164904e-03,1.693592e+00,N4SID,ethanol,1.574750e-02
13,2.128850e-03,1.028678e+01,2.147010e-03,8.530426e-01,FROLS,ethanol,1.017210e-02
14,2.128850e-03,7.680976e+00,1.603139e-03,2.469461e+01,LSTM,ethanol,4.579050e-02
15,2.128850e-03,1.133253e+01,2.365274e-03,1.110573e+01,CNN,ethanol,4.176550e-02
16,2.128850e-03,4.093739e+00,8.544269e-04,5.986439e+01,qLSTM,ethanol,1.228610e-02
17,2.128850e-03,9.063228e+00,1.891636e-03,1.114281e+01,qCNN,ethanol,2.189000e-04
18,2.128850e-03,1.011878e+01,2.111946e-03,7.940552e-01,N4SID,ethanol,1.450000e-02
19,2.128850e-03,9.912110e+00,2.068811e-03,2.820246e+00,FROLS,ethanol,1.040290e-02
20,2.128850e-03,7.326313e+00,1.529115e-03,2.817178e+01,LSTM,ethanol,4.558250e-02
21,2.128850e-03,1.289280e+01,2.690928e-03,2.640291e+01,CNN,ethanol,4.072550e-02
22,2.128850e-03,3.264995e+00,6.814551e-04,6.798952e+01,qLSTM,ethanol,1.196080e-02
23,2.128850e-03,9.063228e+00,1.891636e-03,1.114281e+01,qCNN,ethanol,1.615000e-04
24,2.128850e-03,1.009177e+01,2.106308e-03,1.058871e+00,N4SID,ethanol,1.477610e-02
25,2.128850e-03,9.892905e+00,2.064803e-03,3.008531e+00,FROLS,ethanol,1.055110e-02
26,2.128850e-03,7.463651e+00,1.557780e-03,2.682529e+01,LSTM,ethanol,4.949750e-02
27,2.128850e-03,1.192118e+01,2.488135e-03,1.687696e+01,CNN,ethanol,4.050200e-02
28,2.128850e-03,5.496230e+00,1.147148e-03,4.611417e+01,qLSTM,ethanol,1.205440e-02
29,2.128850e-03,9.063228e+00,1.891636e-03,1.114281e+01,qCNN,ethanol,1.651000e-04
30,2.203400e-03,9.795743e+00,2.044523e-03,7.210516e+00,N4SID,ethanol,1.572360e-02
31,2.203400e-03,9.701492e+00,2.024852e-03,8.103298e+00,FROLS,ethanol,9.514600e-03
32,2.203400e-03,7.673957e+00,1.601674e-03,2.730898e+01,LSTM,ethanol,4.560040e-02
33,2.203400e-03,8.633947e+00,1.802039e-03,1.821554e+01,CNN,ethanol,4.133160e-02
34,2.203400e-03,3.647492e+00,7.612882e-04,6.544939e+01,qLSTM,ethanol,1.238240e-02
35,2.203400e-03,8.316821e+00,1.735850e-03,2.121949e+01,qCNN,ethanol,1.575000e-04
36,2.203400e-03,1.007975e+01,2.103801e-03,4.520232e+00,N4SID,ethanol,1.499140e-02
37,2.203400e-03,1.000542e+01,2.088286e-03,5.224374e+00,FROLS,ethanol,1.125610e-02
38,2.203400e-03,6.969150e+00,1.454570e-03,3.398521e+01,LSTM,ethanol,4.572230e-02
39,2.203400e-03,8.397689e+00,1.752728e-03,2.045348e+01,CNN,ethanol,4.184260e-02
40,2.203400e-03,2.712499e+00,5.661405e-04,7.430605e+01,qLSTM,ethanol,1.220780e-02
41,2.203400e-03,8.188130e+00,1.708990e-03,2.243851e+01,qCNN,ethanol,1.620000e-04
42,2.203400e-03,9.888303e+00,2.063842e-03,6.333745e+00,N4SID,ethanol,1.521670e-02
43,2.203400e-03,9.722460e+00,2.029228e-03,7.904681e+00,FROLS,ethanol,1.043790e-02
44,2.203400e-03,7.024409e+00,1.466103e-03,3.346178e+01,LSTM,ethanol,4.543060e-02
45,2.203400e-03,1.090972e+01,2.277029e-03,3.341592e+00,CNN,ethanol,4.135320e-02
46,2.203400e-03,3.307494e+00,6.903254e-04,6.866999e+01,qLSTM,ethanol,1.222590e-02
47,2.203400e-03,9.063228e+00,1.891636e-03,1.414921e+01,qCNN,ethanol,1.630000e-04
48,2.203400e-03,9.695877e+00,2.023680e-03,8.156488e+00,N4SID,ethanol,1.509190e-02
49,2.203400e-03,9.461714e+00,1.974807e-03,1.037457e+01,FROLS,ethanol,9.551700e-03
50,2.203400e-03,7.340555e+00,1.532088e-03,3.046711e+01,LSTM,ethanol,4.642680e-02
51,2.203400e-03,9.766440e+00,2.038408e-03,7.488084e+00,CNN,ethanol,4.370730e-02
52,2.203400e-03,3.647492e+00,7.612882e-04,6.544939e+01,qLSTM,ethanol,1.243580e-02
53,2.203400e-03,9.063228e+00,1.891636e-03,1.414921e+01,qCNN,ethanol,1.673000e-04
54,2.203400e-03,9.538679e+00,1.990870e-03,9.645532e+00,N4SID,ethanol,1.473300e-02
55,2.203400e-03,9.420103e+00,1.966122e-03,1.076874e+01,FROLS,ethanol,1.057970e-02
56,2.203400e-03,7.642857e+00,1.595183e-03,2.760357e+01,LSTM,ethanol,4.708060e-02
57,2.203400e-03,9.435169e+00,1.969266e-03,1.062602e+01,CNN,ethanol,4.081270e-02
58,2.203400e-03,3.158745e+00,6.592792e-04,7.007901e+01,qLSTM,ethanol,1.220510e-02
59,2.203400e-03,9.063228e+00,1.891636e-03,1.414921e+01,qCNN,ethanol,1.646000e-04
60,2.203400e-03,9.504154e+00,1.983664e-03,9.972569e+00,N4SID,ethanol,1.545610e-02
61,2.203400e-03,9.335211e+00,1.948403e-03,1.157287e+01,FROLS,ethanol,1.030990e-02
62,2.203400e-03,7.272633e+00,1.517911e-03,3.111049e+01,LSTM,ethanol,4.550020e-02
63,2.203400e-03,9.388464e+00,1.959518e-03,1.106843e+01,CNN,ethanol,4.213590e-02
64,2.203400e-03,3.243745e+00,6.770199e-04,6.927385e+01,qLSTM,ethanol,1.240900e-02
65,2.203400e-03,9.063228e+00,1.891636e-03,1.414921e+01,qCNN,ethanol,1.941000e-04
66,2.203400e-03,9.444958e+00,1.971309e-03,1.053330e+01,N4SID,ethanol,1.564340e-02
67,2.203400e-03,9.294108e+00,1.939825e-03,1.196221e+01,FROLS,ethanol,9.224000e-03
68,2.203400e-03,7.695872e+00,1.606248e-03,2.710140e+01,LSTM,ethanol,4.563620e-02
69,2.203400e-03,9.000786e+00,1.878604e-03,1.474069e+01,CNN,ethanol,4.285520e-02
70,2.203400e-03,3.371244e+00,7.036309e-04,6.806613e+01,qLSTM,ethanol,1.268820e-02
71,2.203400e-03,8.702893e+00,1.816429e-03,1.756245e+01,qCNN,ethanol,1.778000e-04
72,2.203400e-03,9.664688e+00,2.017170e-03,8.451925e+00,N4SID,ethanol,1.533800e-02
73,2.203400e-03,9.357961e+00,1.953152e-03,1.135737e+01,FROLS,ethanol,1.058290e-02
74,2.203400e-03,7.102799e+00,1.482464e-03,3.271923e+01,LSTM,ethanol,4.666660e-02
75,2.203400e-03,1.020530e+01,2.130004e-03,3.331024e+00,CNN,ethanol,4.128830e-02
76,2.203400e-03,3.009996e+00,6.282330e-04,7.148802e+01,qLSTM,ethanol,1.230300e-02
77,2.203400e-03,9.063228e+00,1.891636e-03,1.414921e+01,qCNN,ethanol,1.641000e-04
78,2.135450e-03,1.004100e+01,2.095713e-03,1.860838e+00,N4SID,ethanol,1.655340e-02
79,2.135450e-03,9.866454e+00,2.059282e-03,3.566830e+00,FROLS,ethanol,1.129850e-02
80,2.135450e-03,7.295841e+00,1.522755e-03,2.869160e+01,LSTM,ethanol,4.949780e-02
81,2.135450e-03,1.150643e+01,2.401571e-03,1.246205e+01,CNN,ethanol,4.133920e-02
82,2.135450e-03,5.326231e+00,1.111667e-03,4.794226e+01,qLSTM,ethanol,1.228780e-02
83,2.135450e-03,9.063228e+00,1.891636e-03,1.141744e+01,qCNN,ethanol,1.775000e-04
84,2.135450e-03,9.989201e+00,2.084901e-03,2.367119e+00,N4SID,ethanol,1.496810e-02
85,2.135450e-03,9.853118e+00,2.056499e-03,3.697181e+00,FROLS,ethanol,1.106520e-02
86,2.135450e-03,7.222580e+00,1.507465e-03,2.940764e+01,LSTM,ethanol,4.579360e-02
87,2.135450e-03,1.087855e+01,2.270523e-03,6.325268e+00,CNN,ethanol,4.086590e-02
88,2.135450e-03,6.579972e+00,1.373342e-03,3.568839e+01,qLSTM,ethanol,1.208730e-02
89,2.135450e-03,9.063228e+00,1.891636e-03,1.141744e+01,qCNN,ethanol,1.613000e-04
90,2.135450e-03,9.967755e+00,2.080425e-03,2.576733e+00,N4SID,ethanol,1.542620e-02
91,2.135450e-03,9.766386e+00,2.038396e-03,4.544878e+00,FROLS,ethanol,1.083220e-02
92,2.135450e-03,7.295594e+00,1.522704e-03,2.869401e+01,LSTM,ethanol,4.510520e-02
93,2.135450e-03,1.216385e+01,2.538785e-03,1.888759e+01,CNN,ethanol,4.104400e-02
94,2.135450e-03,5.878727e+00,1.226982e-03,4.254225e+01,qLSTM,ethanol,1.203640e-02
95,2.135450e-03,9.063228e+00,1.891636e-03,1.141744e+01,qCNN,ethanol,1.615000e-04
96,2.135450e-03,1.009732e+01,2.107468e-03,1.310359e+00,N4SID,ethanol,1.463350e-02
97,2.135450e-03,9.868023e+00,2.059610e-03,3.551496e+00,FROLS,ethanol,9.986200e-03
98,2.135450e-03,7.312211e+00,1.526172e-03,2.853160e+01,LSTM,ethanol,4.936340e-02
99,2.135450e-03,1.210560e+01,2.526626e-03,1.831821e+01,CNN,ethanol,4.176350e-02
100,2.135450e-03,6.494973e+00,1.355602e-03,3.651916e+01,qLSTM,ethanol,1.230040e-02
101,2.135450e-03,9.063228e+00,1.891636e-03,1.141744e+01,qCNN,ethanol,1.733000e-04
102,2.135450e-03,9.727187e+00,2.030215e-03,4.928004e+00,N4SID,ethanol,1.522090e-02
103,2.135450e-03,9.560001e+00,1.995321e-03,6.562052e+00,FROLS,ethanol,1.031460e-02
104,2.135450e-03,7.023482e+00,1.465910e-03,3.135359e+01,LSTM,ethanol,4.506660e-02
105,2.135450e-03,1.075777e+01,2.245313e-03,5.144743e+00,CNN,ethanol,4.331430e-02
106,2.135450e-03,6.494973e+00,1.355602e-03,3.651916e+01,qLSTM,ethanol,1.227920e-02
107,2.135450e-03,9.063228e+00,1.891636e-03,1.141744e+01,qCNN,ethanol,1.697000e-04
108,2.135450e-03,9.581371e+00,1.999781e-03,6.353187e+00,N4SID,ethanol,1.558280e-02
109,2.135450e-03,9.489341e+00,1.980573e-03,7.252673e+00,FROLS,ethanol,1.031140e-02
110,2.135450e-03,7.090776e+00,1.479955e-03,3.069587e+01,LSTM,ethanol,4.643390e-02
111,2.135450e-03,1.038170e+01,2.166821e-03,1.469070e+00,CNN,ethanol,4.129790e-02
112,2.135450e-03,3.966240e+00,8.278158e-04,6.123459e+01,qLSTM,ethanol,1.239840e-02
113,2.135450e-03,9.063228e+00,1.891636e-03,1.141744e+01,qCNN,ethanol,1.604000e-04
114,2.135450e-03,9.730765e+00,2.030962e-03,4.893033e+00,N4SID,ethanol,1.477450e-02
115,2.135450e-03,9.610744e+00,2.005911e-03,6.066103e+00,FROLS,ethanol,1.047260e-02
116,2.135450e-03,7.657947e+00,1.598332e-03,2.515243e+01,LSTM,ethanol,4.604110e-02
117,2.135450e-03,1.067921e+01,2.228917e-03,4.376909e+00,CNN,ethanol,4.069520e-02
118,2.135450e-03,4.901234e+00,1.022964e-03,5.209611e+01,qLSTM,ethanol,1.229460e-02
119,2.135450e-03,9.063228e+00,1.891636e-03,1.141744e+01,qCNN,ethanol,1.769000e-04
120,2.135450e-03,9.886569e+00,2.063480e-03,3.370230e+00,N4SID,ethanol,1.546930e-02
121,2.135450e-03,9.597037e+00,2.003050e-03,6.200076e+00,FROLS,ethanol,1.123840e-02
122,2.135450e-03,7.123559e+00,1.486797e-03,3.037546e+01,LSTM,ethanol,4.644800e-02
123,2.135450e-03,1.348578e+01,2.814692e-03,3.180792e+01,CNN,ethanol,4.130150e-02
124,2.135450e-03,5.963726e+00,1.244722e-03,4.171148e+01,qLSTM,ethanol,1.189110e-02
125,2.135450e-03,9.063228e+00,1.891636e-03,1.141744e+01,qCNN,ethanol,1.682000e-04
126,2.217350e-03,1.398326e+01,2.918523e-03,3.162212e+01,N4SID,ethanol,1.520250e-02
127,2.217350e-03,1.099152e+01,2.294102e-03,3.461416e+00,FROLS,ethanol,1.045530e-02
128,2.217350e-03,7.320620e+00,1.527927e-03,3.109221e+01,LSTM,ethanol,4.573240e-02
129,2.217350e-03,1.074952e+01,2.243591e-03,1.183425e+00,CNN,ethanol,4.149770e-02
130,2.217350e-03,2.648749e+00,5.528350e-04,7.506776e+01,qLSTM,ethanol,1.216950e-02
131,2.217350e-03,9.063228e+00,1.891636e-03,1.468932e+01,qCNN,ethanol,1.613000e-04
132,2.217350e-03,1.322649e+01,2.760573e-03,2.449875e+01,N4SID,ethanol,1.479080e-02
133,2.217350e-03,1.095315e+01,2.286092e-03,3.100203e+00,FROLS,ethanol,9.978300e-03
134,2.217350e-03,7.443917e+00,1.553661e-03,2.993163e+01,LSTM,ethanol,4.914850e-02
135,2.217350e-03,1.193364e+01,2.490736e-03,1.232942e+01,CNN,ethanol,4.107090e-02
136,2.217350e-03,2.478750e+00,5.173536e-04,7.666793e+01,qLSTM,ethanol,1.190070e-02
137,2.217350e-03,9.063228e+00,1.891636e-03,1.468932e+01,qCNN,ethanol,1.679000e-04
138,2.217350e-03,1.292322e+01,2.697277e-03,2.164419e+01,N4SID,ethanol,1.538330e-02
139,2.217350e-03,1.093401e+01,2.282097e-03,2.920007e+00,FROLS,ethanol,1.048570e-02
140,2.217350e-03,7.714970e+00,1.610234e-03,2.738025e+01,LSTM,ethanol,4.573230e-02
141,2.217350e-03,1.088746e+01,2.272382e-03,2.481888e+00,CNN,ethanol,4.147970e-02
142,2.217350e-03,6.494973e+00,1.355602e-03,3.886389e+01,qLSTM,ethanol,1.221180e-02
143,2.217350e-03,9.063228e+00,1.891636e-03,1.468932e+01,qCNN,ethanol,1.711000e-04
144,2.217350e-03,1.292832e+01,2.698341e-03,2.169217e+01,N4SID,ethanol,1.517650e-02
145,2.217350e-03,1.098776e+01,2.293316e-03,3.425972e+00,FROLS,ethanol,9.695700e-03
146,2.217350e-03,7.446760e+00,1.554254e-03,2.990487e+01,LSTM,ethanol,4.496590e-02
147,2.217350e-03,1.190632e+01,2.485033e-03,1.207220e+01,CNN,ethanol,4.154770e-02
148,2.217350e-03,2.478750e+00,5.173536e-04,7.666793e+01,qLSTM,ethanol,1.268380e-02
149,2.217350e-03,9.063228e+00,1.891636e-03,1.468932e+01,qCNN,ethanol,1.804000e-04
150,2.217350e-03,1.346333e+01,2.810006e-03,2.672814e+01,N4SID,ethanol,1.488170e-02
151,2.217350e-03,1.105250e+01,2.306828e-03,4.035380e+00,FROLS,ethanol,9.242000e-03
152,2.217350e-03,7.592284e+00,1.584628e-03,2.853507e+01,LSTM,ethanol,4.672590e-02
153,2.217350e-03,1.088543e+01,2.271958e-03,2.462762e+00,CNN,ethanol,4.027590e-02
154,2.217350e-03,4.412487e+00,9.209545e-04,5.846598e+01,qLSTM,ethanol,1.232390e-02
155,2.217350e-03,9.063228e+00,1.891636e-03,1.468932e+01,qCNN,ethanol,1.815000e-04
156,2.217350e-03,1.306787e+01,2.727467e-03,2.300568e+01,N4SID,ethanol,1.534570e-02
157,2.217350e-03,1.097978e+01,2.291650e-03,3.350846e+00,FROLS,ethanol,1.260280e-02
158,2.217350e-03,7.609826e+00,1.588289e-03,2.836996e+01,LSTM,ethanol,4.638950e-02
159,2.217350e-03,1.112503e+01,2.321967e-03,4.718094e+00,CNN,ethanol,4.312020e-02
160,2.217350e-03,6.579972e+00,1.373342e-03,3.806380e+01,qLSTM,ethanol,1.234600e-02
161,2.217350e-03,9.063228e+00,1.891636e-03,1.468932e+01,qCNN,ethanol,1.608000e-04
162,2.217350e-03,1.317430e+01,2.749682e-03,2.400757e+01,N4SID,ethanol,1.534470e-02
163,2.217350e-03,1.090109e+01,2.275226e-03,2.610147e+00,FROLS,ethanol,9.084900e-03
164,2.217350e-03,7.642672e+00,1.595144e-03,2.806078e+01,LSTM,ethanol,4.458510e-02
165,2.217350e-03,1.174202e+01,2.450742e-03,1.052572e+01,CNN,ethanol,4.077570e-02
166,2.217350e-03,2.478750e+00,5.173536e-04,7.666793e+01,qLSTM,ethanol,1.255210e-02
167,2.217350e-03,9.063228e+00,1.891636e-03,1.468932e+01,qCNN,ethanol,1.664000e-04
168,2.217350e-03,1.310914e+01,2.736082e-03,2.339423e+01,N4SID,ethanol,1.545010e-02
169,2.217350e-03,1.093963e+01,2.283271e-03,2.972970e+00,FROLS,ethanol,9.738600e-03
170,2.217350e-03,7.604986e+00,1.587279e-03,2.841551e+01,LSTM,ethanol,4.563670e-02
171,2.217350e-03,1.118341e+01,2.334151e-03,5.267596e+00,CNN,ethanol,4.114800e-02
172,2.217350e-03,5.772478e+00,1.204806e-03,4.566461e+01,qLSTM,ethanol,1.242990e-02
173,2.217350e-03,9.063228e+00,1.891636e-03,1.468932e+01,qCNN,ethanol,1.704000e-04
174,2.217350e-03,1.218692e+01,2.543600e-03,1.471352e+01,N4SID,ethanol,1.565670e-02
175,2.217350e-03,9.406318e+00,1.963245e-03,1.145987e+01,FROLS,ethanol,9.564200e-03
176,2.217350e-03,7.698876e+00,1.606875e-03,2.753175e+01,LSTM,ethanol,4.559950e-02
177,2.217350e-03,8.892015e+00,1.855901e-03,1.630092e+01,CNN,ethanol,4.092990e-02
178,2.217350e-03,2.648749e+00,5.528350e-04,7.506776e+01,qLSTM,ethanol,1.256850e-02
179,2.217350e-03,8.599941e+00,1.794941e-03,1.905016e+01,qCNN,ethanol,1.596000e-04
180,2.217350e-03,2.117591e-01,4.419740e-05,9.800675e+01,N4SID,ethanol,1.469120e-02
181,2.217350e-03,9.384465e+00,1.958683e-03,1.166557e+01,FROLS,ethanol,9.815300e-03
182,2.217350e-03,7.506880e+00,1.566802e-03,2.933897e+01,LSTM,ethanol,4.431300e-02
183,2.217350e-03,8.990161e+00,1.876386e-03,1.537708e+01,CNN,ethanol,4.063170e-02
184,2.217350e-03,3.647492e+00,7.612882e-04,6.566675e+01,qLSTM,ethanol,1.252230e-02
185,2.217350e-03,8.883060e+00,1.854033e-03,1.638521e+01,qCNN,ethanol,1.626000e-04
186,2.217350e-03,1.066304e+01,2.225541e-03,3.694138e-01,N4SID,ethanol,1.502390e-02
187,2.217350e-03,9.190625e+00,1.918226e-03,1.349015e+01,FROLS,ethanol,1.085450e-02
188,2.217350e-03,7.453876e+00,1.555740e-03,2.983789e+01,LSTM,ethanol,4.826240e-02
189,2.217350e-03,1.025545e+01,2.140473e-03,3.467086e+00,CNN,ethanol,4.087530e-02
190,2.217350e-03,2.478750e+00,5.173536e-04,7.666793e+01,qLSTM,ethanol,1.251190e-02
191,2.217350e-03,9.063228e+00,1.891636e-03,1.468932e+01,qCNN,ethanol,1.568000e-04
192,2.217350e-03,1.095745e+01,2.286989e-03,3.140642e+00,N4SID,ethanol,1.533260e-02
193,2.217350e-03,9.269301e+00,1.934647e-03,1.274959e+01,FROLS,ethanol,1.032920e-02
194,2.217350e-03,7.614807e+00,1.589328e-03,2.832307e+01,LSTM,ethanol,4.664330e-02
195,2.217350e-03,9.497312e+00,1.982236e-03,1.060336e+01,CNN,ethanol,4.153020e-02
196,2.217350e-03,7.599965e+00,1.586231e-03,2.846277e+01,qLSTM,ethanol,1.293440e-02
197,2.217350e-03,9.063228e+00,1.891636e-03,1.468932e+01,qCNN,ethanol,1.636000e-04
198,2.217350e-03,1.083452e+01,2.261332e-03,1.983517e+00,N4SID,ethanol,1.512360e-02
199,2.217350e-03,9.310185e+00,1.943180e-03,1.236475e+01,FROLS,ethanol,1.020490e-02
200,2.217350e-03,7.421005e+00,1.548879e-03,3.014729e+01,LSTM,ethanol,4.667190e-02
201,2.217350e-03,9.284901e+00,1.937903e-03,1.260275e+01,CNN,ethanol,4.081110e-02
202,2.217350e-03,2.882497e+00,6.016219e-04,7.286752e+01,qLSTM,ethanol,1.224340e-02
203,2.217350e-03,9.063228e+00,1.891636e-03,1.468932e+01,qCNN,ethanol,1.635000e-04
204,2.217350e-03,1.090644e+01,2.276342e-03,2.660486e+00,N4SID,ethanol,1.560190e-02
205,2.217350e-03,9.472979e+00,1.977158e-03,1.083240e+01,FROLS,ethanol,1.301130e-02
206,2.217350e-03,7.628905e+00,1.592271e-03,2.819037e+01,LSTM,ethanol,4.692810e-02
207,2.217350e-03,8.608748e+00,1.796779e-03,1.896727e+01,CNN,ethanol,4.235940e-02
208,2.217350e-03,2.627499e+00,5.483998e-04,7.526778e+01,qLSTM,ethanol,1.227410e-02
209,2.217350e-03,8.754370e+00,1.827173e-03,1.759655e+01,qCNN,ethanol,1.638000e-04
210,2.217350e-03,1.073485e+01,2.240530e-03,1.045383e+00,N4SID,ethanol,1.520910e-02
211,2.217350e-03,9.364408e+00,1.954497e-03,1.185436e+01,FROLS,ethanol,9.338900e-03
212,2.217350e-03,7.273963e+00,1.518189e-03,3.153138e+01,LSTM,ethanol,4.436380e-02
213,2.217350e-03,9.929029e+00,2.072342e-03,6.539680e+00,CNN,ethanol,4.327370e-02
214,2.217350e-03,6.558722e+00,1.368907e-03,3.826382e+01,qLSTM,ethanol,1.235570e-02
215,2.217350e-03,9.063228e+00,1.891636e-03,1.468932e+01,qCNN,ethanol,1.616000e-04
216,2.217350e-03,1.049739e+01,2.190969e-03,1.189770e+00,N4SID,ethanol,1.510710e-02
217,2.217350e-03,9.406070e+00,1.963193e-03,1.146221e+01,FROLS,ethanol,1.062940e-02
218,2.217350e-03,7.587602e+00,1.583650e-03,2.857915e+01,LSTM,ethanol,4.540880e-02
219,2.217350e-03,9.521031e+00,1.987187e-03,1.038009e+01,CNN,ethanol,4.133070e-02
220,2.217350e-03,2.478750e+00,5.173536e-04,7.666793e+01,qLSTM,ethanol,1.231030e-02
221,2.217350e-03,9.063228e+00,1.891636e-03,1.468932e+01,qCNN,ethanol,1.613000e-04
222,2.122250e-03,9.588136e+00,2.001193e-03,5.704188e+00,N4SID,ethanol,1.480330e-02
223,2.122250e-03,9.412832e+00,1.964604e-03,7.428247e+00,FROLS,ethanol,1.037050e-02
224,2.122250e-03,7.548213e+00,1.575429e-03,2.576609e+01,LSTM,ethanol,4.605480e-02
225,2.122250e-03,1.040789e+01,2.172288e-03,2.357778e+00,CNN,ethanol,4.130450e-02
226,2.122250e-03,4.603736e+00,9.608711e-04,5.472394e+01,qLSTM,ethanol,1.247590e-02
227,2.122250e-03,9.063228e+00,1.891636e-03,1.086647e+01,qCNN,ethanol,1.583000e-04
228,2.122250e-03,1.255655e+01,2.620746e-03,2.348906e+01,N4SID,ethanol,1.582440e-02
229,2.122250e-03,9.689875e+00,2.022427e-03,4.703628e+00,FROLS,ethanol,9.831800e-03
230,2.122250e-03,7.412989e+00,1.547206e-03,2.709597e+01,LSTM,ethanol,4.487460e-02
231,2.122250e-03,9.454783e+00,1.973360e-03,7.015674e+00,CNN,ethanol,4.050030e-02
232,2.122250e-03,7.387466e+00,1.541879e-03,2.734697e+01,qLSTM,ethanol,1.218570e-02
233,2.122250e-03,9.063228e+00,1.891636e-03,1.086647e+01,qCNN,ethanol,1.643000e-04
234,2.122250e-03,1.243575e+01,2.595534e-03,2.230105e+01,N4SID,ethanol,1.541730e-02
235,2.122250e-03,9.736952e+00,2.032253e-03,4.240644e+00,FROLS,ethanol,1.107590e-02
236,2.122250e-03,7.694381e+00,1.605937e-03,2.432857e+01,LSTM,ethanol,4.506010e-02
237,2.122250e-03,1.067912e+01,2.228898e-03,5.025229e+00,CNN,ethanol,4.022930e-02
238,2.122250e-03,5.071232e+00,1.058445e-03,5.012629e+01,qLSTM,ethanol,1.224460e-02
239,2.122250e-03,9.063228e+00,1.891636e-03,1.086647e+01,qCNN,ethanol,1.702000e-04
240,2.122250e-03,1.217678e+01,2.541482e-03,1.975414e+01,N4SID,ethanol,1.518640e-02
241,2.122250e-03,9.618368e+00,2.007503e-03,5.406869e+00,FROLS,ethanol,9.966000e-03
242,2.122250e-03,7.770560e+00,1.621836e-03,2.357939e+01,LSTM,ethanol,4.727130e-02
243,2.122250e-03,1.136056e+01,2.371126e-03,1.172697e+01,CNN,ethanol,4.048840e-02
244,2.122250e-03,6.686221e+00,1.395518e-03,3.424346e+01,qLSTM,ethanol,1.228000e-02
245,2.122250e-03,9.063228e+00,1.891636e-03,1.086647e+01,qCNN,ethanol,1.608000e-04
246,2.122250e-03,1.293247e+01,2.699207e-03,2.718609e+01,N4SID,ethanol,1.506540e-02
247,2.122250e-03,9.592402e+00,2.002083e-03,5.662241e+00,FROLS,ethanol,1.038710e-02
248,2.122250e-03,7.719290e+00,1.611136e-03,2.408361e+01,LSTM,ethanol,4.625760e-02
249,2.122250e-03,1.136617e+01,2.372296e-03,1.178213e+01,CNN,ethanol,4.112830e-02
250,2.122250e-03,7.026219e+00,1.466481e-03,3.089971e+01,qLSTM,ethanol,1.239370e-02
251,2.122250e-03,9.063228e+00,1.891636e-03,1.086647e+01,qCNN,ethanol,1.652000e-04
252,2.122250e-03,1.338000e+01,2.792613e-03,3.158736e+01,N4SID,ethanol,1.613070e-02
253,2.122250e-03,9.426830e+00,1.967526e-03,7.290579e+00,FROLS,ethanol,9.532600e-03
254,2.122250e-03,7.557639e+00,1.577397e-03,2.567338e+01,LSTM,ethanol,4.564610e-02
255,2.122250e-03,1.231177e+01,2.569657e-03,2.108173e+01,CNN,ethanol,4.030060e-02
256,2.122250e-03,7.791214e+00,1.626147e-03,2.337626e+01,qLSTM,ethanol,1.212960e-02
257,2.122250e-03,9.063228e+00,1.891636e-03,1.086647e+01,qCNN,ethanol,1.572000e-04
258,2.122250e-03,1.221345e+01,2.549136e-03,2.011477e+01,N4SID,ethanol,1.501490e-02
259,2.122250e-03,9.359310e+00,1.953433e-03,7.954617e+00,FROLS,ethanol,1.074670e-02
260,2.122250e-03,7.555525e+00,1.576955e-03,2.569417e+01,LSTM,ethanol,4.604080e-02
261,2.122250e-03,1.008224e+01,2.104319e-03,8.449057e-01,CNN,ethanol,4.055530e-02
262,2.122250e-03,3.689992e+00,7.701586e-04,6.371028e+01,qLSTM,ethanol,1.272540e-02
263,2.122250e-03,9.063228e+00,1.891636e-03,1.086647e+01,qCNN,ethanol,1.721000e-04
264,2.224400e-03,1.075618e+01,2.244981e-03,9.252440e-01,N4SID,ethanol,1.499670e-02
265,2.224400e-03,1.060201e+01,2.212804e-03,5.213122e-01,FROLS,ethanol,1.058430e-02
266,2.224400e-03,7.635015e+00,1.593546e-03,2.836063e+01,LSTM,ethanol,4.617200e-02
267,2.224400e-03,1.071139e+01,2.235634e-03,5.050365e-01,CNN,ethanol,4.331370e-02
268,2.224400e-03,2.903747e+00,6.060571e-04,7.275413e+01,qLSTM,ethanol,1.220530e-02
269,2.224400e-03,9.063228e+00,1.891636e-03,1.495971e+01,qCNN,ethanol,1.626000e-04
270,2.224400e-03,1.109208e+01,2.315088e-03,4.076975e+00,N4SID,ethanol,1.526700e-02
271,2.224400e-03,1.041641e+01,2.174067e-03,2.262772e+00,FROLS,ethanol,1.054310e-02
272,2.224400e-03,7.649340e+00,1.596536e-03,2.822622e+01,LSTM,ethanol,4.472710e-02
273,2.224400e-03,1.054561e+01,2.201033e-03,1.050474e+00,CNN,ethanol,4.106480e-02
274,2.224400e-03,6.176225e+00,1.289074e-03,4.204846e+01,qLSTM,ethanol,1.189300e-02
275,2.224400e-03,9.063228e+00,1.891636e-03,1.495971e+01,qCNN,ethanol,1.607000e-04
276,2.224400e-03,1.066906e+01,2.226798e-03,1.077902e-01,N4SID,ethanol,1.484730e-02
277,2.224400e-03,1.028618e+01,2.146885e-03,3.484761e+00,FROLS,ethanol,9.807500e-03
278,2.224400e-03,7.524977e+00,1.570579e-03,2.939312e+01,LSTM,ethanol,4.568360e-02
279,2.224400e-03,1.101028e+01,2.298017e-03,3.309516e+00,CNN,ethanol,4.134690e-02
280,2.224400e-03,2.478750e+00,5.173536e-04,7.674188e+01,qLSTM,ethanol,1.228820e-02
281,2.224400e-03,9.063228e+00,1.891636e-03,1.495971e+01,qCNN,ethanol,1.730000e-04
282,2.224400e-03,1.181051e+01,2.465037e-03,1.081808e+01,N4SID,ethanol,1.613950e-02
283,2.224400e-03,1.036820e+01,2.164005e-03,2.715121e+00,FROLS,ethanol,9.733000e-03
284,2.224400e-03,7.632703e+00,1.593064e-03,2.838232e+01,LSTM,ethanol,4.554130e-02
285,2.224400e-03,9.838045e+00,2.053353e-03,7.689597e+00,CNN,ethanol,4.102910e-02
286,2.224400e-03,2.478750e+00,5.173536e-04,7.674188e+01,qLSTM,ethanol,1.210930e-02
287,2.224400e-03,9.063228e+00,1.891636e-03,1.495971e+01,qCNN,ethanol,1.620000e-04
288,2.224400e-03,1.277779e+01,2.666924e-03,1.989406e+01,N4SID,ethanol,1.510880e-02
289,2.224400e-03,1.043283e+01,2.177495e-03,2.108680e+00,FROLS,ethanol,9.548300e-03
290,2.224400e-03,7.524492e+00,1.570478e-03,2.939767e+01,LSTM,ethanol,4.486940e-02
291,2.224400e-03,9.597892e+00,2.003229e-03,9.942954e+00,CNN,ethanol,4.169490e-02
292,2.224400e-03,2.584999e+00,5.395295e-04,7.574494e+01,qLSTM,ethanol,1.198080e-02
293,2.224400e-03,9.063228e+00,1.891636e-03,1.495971e+01,qCNN,ethanol,1.680000e-04
294,2.224400e-03,1.108495e+01,2.313602e-03,4.010166e+00,N4SID,ethanol,1.461910e-02
295,2.224400e-03,1.029463e+01,2.148649e-03,3.405456e+00,FROLS,ethanol,1.044320e-02
296,2.224400e-03,7.622119e+00,1.590854e-03,2.848164e+01,LSTM,ethanol,4.817590e-02
297,2.224400e-03,9.817435e+00,2.049051e-03,7.882982e+00,CNN,ethanol,4.089690e-02
298,2.224400e-03,2.478750e+00,5.173536e-04,7.674188e+01,qLSTM,ethanol,1.259450e-02
299,2.224400e-03,9.063228e+00,1.891636e-03,1.495971e+01,qCNN,ethanol,1.895000e-04
300,2.224400e-03,1.151377e+01,2.403102e-03,8.033721e+00,N4SID,ethanol,1.544860e-02
301,2.224400e-03,1.023350e+01,2.135890e-03,3.979054e+00,FROLS,ethanol,9.150200e-03
302,2.224400e-03,7.416365e+00,1.547911e-03,3.041222e+01,LSTM,ethanol,4.554010e-02
303,2.224400e-03,9.740648e+00,2.033024e-03,8.603468e+00,CNN,ethanol,4.099600e-02
304,2.224400e-03,2.478750e+00,5.173536e-04,7.674188e+01,qLSTM,ethanol,1.203490e-02
305,2.224400e-03,9.063228e+00,1.891636e-03,1.495971e+01,qCNN,ethanol,1.566000e-04
306,2.224400e-03,1.039971e+01,2.170581e-03,2.419463e+00,N4SID,ethanol,1.513850e-02
307,2.224400e-03,9.940954e+00,2.074831e-03,6.724002e+00,FROLS,ethanol,9.703100e-03
308,2.224400e-03,7.516040e+00,1.568714e-03,2.947697e+01,LSTM,ethanol,4.724440e-02
309,2.224400e-03,1.077438e+01,2.248779e-03,1.096001e+00,CNN,ethanol,4.129010e-02
310,2.224400e-03,2.691249e+00,5.617054e-04,7.474801e+01,qLSTM,ethanol,1.222380e-02
311,2.224400e-03,9.063228e+00,1.891636e-03,1.495971e+01,qCNN,ethanol,1.639000e-04
312,2.231450e-03,1.068655e+01,2.230448e-03,4.488561e-02,N4SID,ethanol,1.519990e-02
313,2.231450e-03,9.516686e+00,1.986280e-03,1.098702e+01,FROLS,ethanol,1.133340e-02
314,2.231450e-03,7.573848e+00,1.580780e-03,2.915908e+01,LSTM,ethanol,4.581140e-02
315,2.231450e-03,8.718567e+00,1.819700e-03,1.845212e+01,CNN,ethanol,4.123330e-02
316,2.231450e-03,3.243745e+00,6.770199e-04,6.966009e+01,qLSTM,ethanol,1.225480e-02
317,2.231450e-03,8.316821e+00,1.735850e-03,2.220979e+01,qCNN,ethanol,1.673000e-04
318,2.231450e-03,1.057821e+01,2.207837e-03,1.058187e+00,N4SID,ethanol,1.552970e-02
319,2.231450e-03,9.376098e+00,1.956937e-03,1.230200e+01,FROLS,ethanol,9.595600e-03
320,2.231450e-03,7.654056e+00,1.597520e-03,2.840887e+01,LSTM,ethanol,4.649080e-02
321,2.231450e-03,8.704182e+00,1.816698e-03,1.858667e+01,CNN,ethanol,4.377660e-02
322,2.231450e-03,4.114989e+00,8.588620e-04,6.151103e+01,qLSTM,ethanol,1.238930e-02
323,2.231450e-03,8.754370e+00,1.827173e-03,1.811724e+01,qCNN,ethanol,1.625000e-04
324,2.231450e-03,9.480840e+00,1.978798e-03,1.132230e+01,N4SID,ethanol,1.496460e-02
325,2.231450e-03,9.301253e+00,1.941316e-03,1.300205e+01,FROLS,ethanol,1.022340e-02
326,2.231450e-03,7.632506e+00,1.593022e-03,2.861044e+01,LSTM,ethanol,4.557950e-02
327,2.231450e-03,9.809808e+00,2.047459e-03,8.245353e+00,CNN,ethanol,4.096800e-02
328,2.231450e-03,3.392494e+00,7.080661e-04,6.826879e+01,qLSTM,ethanol,1.267220e-02
329,2.231450e-03,9.063228e+00,1.891636e-03,1.522838e+01,qCNN,ethanol,1.683000e-04
330,2.231450e-03,9.982426e+00,2.083487e-03,6.630791e+00,N4SID,ethanol,1.524700e-02
331,2.231450e-03,9.260330e+00,1.932775e-03,1.338481e+01,FROLS,ethanol,1.121570e-02
332,2.231450e-03,7.568175e+00,1.579596e-03,2.921214e+01,LSTM,ethanol,4.503450e-02
333,2.231450e-03,9.810475e+00,2.047598e-03,8.239114e+00,CNN,ethanol,4.140410e-02
334,2.231450e-03,3.349994e+00,6.991958e-04,6.866630e+01,qLSTM,ethanol,1.220550e-02
335,2.231450e-03,9.063228e+00,1.891636e-03,1.522838e+01,qCNN,ethanol,1.568000e-04
336,2.231450e-03,9.883643e+00,2.062870e-03,7.554741e+00,N4SID,ethanol,1.506990e-02
337,2.231450e-03,9.265719e+00,1.933899e-03,1.333441e+01,FROLS,ethanol,9.890000e-03
338,2.231450e-03,7.543933e+00,1.574536e-03,2.943889e+01,LSTM,ethanol,4.583930e-02
339,2.231450e-03,9.103654e+00,1.900074e-03,1.485026e+01,CNN,ethanol,4.173970e-02
340,2.231450e-03,3.817491e+00,7.967696e-04,6.429364e+01,qLSTM,ethanol,1.258030e-02
341,2.231450e-03,8.677155e+00,1.811057e-03,1.883945e+01,qCNN,ethanol,1.690000e-04
342,2.231450e-03,1.005489e+01,2.098612e-03,5.952989e+00,N4SID,ethanol,1.498770e-02
343,2.231450e-03,9.187504e+00,1.917575e-03,1.406598e+01,FROLS,ethanol,1.175140e-02
344,2.231450e-03,7.653781e+00,1.597463e-03,2.841144e+01,LSTM,ethanol,4.558700e-02
345,2.231450e-03,1.004016e+01,2.095537e-03,6.090813e+00,CNN,ethanol,4.068630e-02
346,2.231450e-03,3.179995e+00,6.637144e-04,7.025636e+01,qLSTM,ethanol,1.243170e-02
347,2.231450e-03,9.063228e+00,1.891636e-03,1.522838e+01,qCNN,ethanol,1.748000e-04
348,2.231450e-03,1.039279e+01,2.169137e-03,2.792494e+00,N4SID,ethanol,1.507870e-02
349,2.231450e-03,9.169588e+00,1.913835e-03,1.423355e+01,FROLS,ethanol,1.128420e-02
350,2.231450e-03,7.588397e+00,1.583816e-03,2.902300e+01,LSTM,ethanol,4.827210e-02
351,2.231450e-03,9.435173e+00,1.969267e-03,1.174944e+01,CNN,ethanol,3.995020e-02
352,2.231450e-03,4.221238e+00,8.810379e-04,6.051725e+01,qLSTM,ethanol,1.236470e-02
353,2.231450e-03,9.063228e+00,1.891636e-03,1.522838e+01,qCNN,ethanol,1.678000e-04
354,2.115650e-03,1.174166e+01,2.450667e-03,1.583519e+01,N4SID,ethanol,1.494550e-02
355,2.115650e-03,9.319916e+00,1.945211e-03,8.056103e+00,FROLS,ethanol,9.813000e-03
356,2.115650e-03,7.636179e+00,1.593789e-03,2.466670e+01,LSTM,ethanol,4.541540e-02
357,2.115650e-03,1.029846e+01,2.149449e-03,1.597557e+00,CNN,ethanol,4.076620e-02
358,2.115650e-03,6.792471e+00,1.417694e-03,3.299014e+01,qLSTM,ethanol,1.274460e-02
359,2.115650e-03,9.063228e+00,1.891636e-03,1.058841e+01,qCNN,ethanol,1.625000e-04
360,2.115650e-03,1.104634e+01,2.305543e-03,8.975619e+00,N4SID,ethanol,1.525480e-02
361,2.115650e-03,9.473399e+00,1.977245e-03,6.541944e+00,FROLS,ethanol,1.161880e-02
362,2.115650e-03,7.549348e+00,1.575666e-03,2.552331e+01,LSTM,ethanol,4.629080e-02
363,2.115650e-03,9.507976e+00,1.984462e-03,6.200834e+00,CNN,ethanol,4.214830e-02
364,2.115650e-03,4.263738e+00,8.899083e-04,5.793689e+01,qLSTM,ethanol,1.197480e-02
365,2.115650e-03,9.063228e+00,1.891636e-03,1.058841e+01,qCNN,ethanol,1.562000e-04
366,2.115650e-03,1.096980e+01,2.289568e-03,8.220529e+00,N4SID,ethanol,1.548250e-02
367,2.115650e-03,9.392077e+00,1.960272e-03,7.344211e+00,FROLS,ethanol,1.048020e-02
368,2.115650e-03,7.600928e+00,1.586432e-03,2.501446e+01,LSTM,ethanol,4.552830e-02
369,2.115650e-03,1.059986e+01,2.212356e-03,4.570996e+00,CNN,ethanol,4.125330e-02
370,2.115650e-03,6.601222e+00,1.377777e-03,3.487687e+01,qLSTM,ethanol,1.246550e-02
371,2.115650e-03,9.063228e+00,1.891636e-03,1.058841e+01,qCNN,ethanol,1.696000e-04
372,2.115650e-03,1.069323e+01,2.231843e-03,5.492092e+00,N4SID,ethanol,1.505660e-02
373,2.115650e-03,9.328730e+00,1.947051e-03,7.969148e+00,FROLS,ethanol,1.072830e-02
374,2.115650e-03,7.619727e+00,1.590355e-03,2.482900e+01,LSTM,ethanol,4.565910e-02
375,2.115650e-03,1.086031e+01,2.266715e-03,7.140372e+00,CNN,ethanol,4.373000e-02
376,2.115650e-03,6.813720e+00,1.422129e-03,3.278051e+01,qLSTM,ethanol,1.271360e-02
377,2.115650e-03,9.063228e+00,1.891636e-03,1.058841e+01,qCNN,ethanol,1.593000e-04
378,2.115650e-03,1.076728e+01,2.247298e-03,6.222601e+00,N4SID,ethanol,1.523800e-02
379,2.115650e-03,9.220312e+00,1.924422e-03,9.038724e+00,FROLS,ethanol,1.037790e-02
380,2.115650e-03,7.462563e+00,1.557553e-03,2.637947e+01,LSTM,ethanol,4.501020e-02
381,2.115650e-03,1.091527e+01,2.278186e-03,7.682561e+00,CNN,ethanol,4.080340e-02
382,2.115650e-03,6.728721e+00,1.404388e-03,3.361905e+01,qLSTM,ethanol,1.214790e-02
383,2.115650e-03,9.063228e+00,1.891636e-03,1.058841e+01,qCNN,ethanol,1.615000e-04
384,2.115650e-03,1.068438e+01,2.229996e-03,5.404785e+00,N4SID,ethanol,1.569100e-02
385,2.115650e-03,9.161773e+00,1.912204e-03,9.616227e+00,FROLS,ethanol,1.064060e-02
386,2.115650e-03,7.603878e+00,1.587047e-03,2.498535e+01,LSTM,ethanol,4.511150e-02
387,2.115650e-03,1.066851e+01,2.226683e-03,5.248170e+00,CNN,ethanol,4.224460e-02
388,2.115650e-03,7.578715e+00,1.581795e-03,2.523359e+01,qLSTM,ethanol,1.221290e-02
389,2.115650e-03,9.063228e+00,1.891636e-03,1.058841e+01,qCNN,ethanol,1.611000e-04
390,2.169050e-03,9.513459e+00,1.985607e-03,8.457316e+00,N4SID,ethanol,1.511810e-02
391,2.169050e-03,9.213492e+00,1.922999e-03,1.134373e+01,FROLS,ethanol,1.053260e-02
392,2.169050e-03,7.439112e+00,1.552658e-03,2.841760e+01,LSTM,ethanol,4.500960e-02
393,2.169050e-03,9.512759e+00,1.985460e-03,8.464055e+00,CNN,ethanol,4.478260e-02
394,2.169050e-03,2.478750e+00,5.173536e-04,7.614838e+01,qLSTM,ethanol,1.223210e-02
395,2.169050e-03,9.063228e+00,1.891636e-03,1.278964e+01,qCNN,ethanol,1.625000e-04
396,2.169050e-03,9.059839e+00,1.890929e-03,1.282225e+01,N4SID,ethanol,1.465640e-02
397,2.169050e-03,8.868718e+00,1.851039e-03,1.466130e+01,FROLS,ethanol,1.028880e-02
398,2.169050e-03,7.455934e+00,1.556169e-03,2.825573e+01,LSTM,ethanol,4.557060e-02
399,2.169050e-03,8.049871e+00,1.680133e-03,2.254060e+01,CNN,ethanol,4.320340e-02
400,2.169050e-03,2.542500e+00,5.306591e-04,7.553495e+01,qLSTM,ethanol,1.232970e-02
401,2.169050e-03,8.136654e+00,1.698246e-03,2.170554e+01,qCNN,ethanol,1.716000e-04
402,2.169050e-03,8.974922e+00,1.873206e-03,1.363935e+01,N4SID,ethanol,1.535670e-02
403,2.169050e-03,8.768082e+00,1.830035e-03,1.562966e+01,FROLS,ethanol,1.041210e-02
404,2.169050e-03,7.409739e+00,1.546528e-03,2.870024e+01,LSTM,ethanol,4.882370e-02
405,2.169050e-03,7.965221e+00,1.662465e-03,2.335514e+01,CNN,ethanol,4.072240e-02
406,2.169050e-03,2.478750e+00,5.173536e-04,7.614838e+01,qLSTM,ethanol,1.218770e-02
407,2.169050e-03,7.879273e+00,1.644526e-03,2.418218e+01,qCNN,ethanol,1.645000e-04
408,2.169050e-03,8.764584e+00,1.829305e-03,1.566332e+01,N4SID,ethanol,1.556540e-02
409,2.169050e-03,8.725610e+00,1.821170e-03,1.603835e+01,FROLS,ethanol,1.072810e-02
410,2.169050e-03,7.466236e+00,1.558319e-03,2.815660e+01,LSTM,ethanol,4.453250e-02
411,2.169050e-03,7.782636e+00,1.624357e-03,2.511205e+01,CNN,ethanol,4.103490e-02
412,2.169050e-03,2.818748e+00,5.883164e-04,7.287677e+01,qLSTM,ethanol,1.220130e-02
413,2.169050e-03,7.879273e+00,1.644526e-03,2.418218e+01,qCNN,ethanol,1.568000e-04
414,2.169050e-03,8.766022e+00,1.829605e-03,1.564948e+01,N4SID,ethanol,1.470720e-02
415,2.169050e-03,8.631134e+00,1.801452e-03,1.694743e+01,FROLS,ethanol,1.061000e-02
416,2.169050e-03,6.518961e+00,1.360608e-03,3.727169e+01,LSTM,ethanol,4.582000e-02
417,2.169050e-03,7.458559e+00,1.556717e-03,2.823047e+01,CNN,ethanol,4.141490e-02
418,2.169050e-03,2.478750e+00,5.173536e-04,7.614838e+01,qLSTM,ethanol,1.202710e-02
419,2.169050e-03,7.570415e+00,1.580063e-03,2.715414e+01,qCNN,ethanol,1.620000e-04
420,2.169050e-03,8.751272e+00,1.826526e-03,1.579141e+01,N4SID,ethanol,1.504060e-02
421,2.169050e-03,8.565669e+00,1.787788e-03,1.757737e+01,FROLS,ethanol,1.163560e-02
422,2.169050e-03,7.326818e+00,1.529221e-03,2.949814e+01,LSTM,ethanol,4.575330e-02
423,2.169050e-03,8.028470e+00,1.675666e-03,2.274654e+01,CNN,ethanol,4.152460e-02
424,2.169050e-03,2.478750e+00,5.173536e-04,7.614838e+01,qLSTM,ethanol,1.247180e-02
425,2.169050e-03,8.162392e+00,1.703618e-03,2.145787e+01,qCNN,ethanol,1.561000e-04
426,2.169050e-03,8.651237e+00,1.805647e-03,1.675400e+01,N4SID,ethanol,1.527880e-02
427,2.169050e-03,8.489485e+00,1.771887e-03,1.831045e+01,FROLS,ethanol,9.535400e-03
428,2.169050e-03,5.443356e+00,1.136113e-03,4.762164e+01,LSTM,ethanol,4.485770e-02
429,2.169050e-03,7.297951e+00,1.523196e-03,2.977591e+01,CNN,ethanol,4.288580e-02
430,2.169050e-03,2.478750e+00,5.173536e-04,7.614838e+01,qLSTM,ethanol,1.231310e-02
431,2.169050e-03,7.673368e+00,1.601551e-03,2.616348e+01,qCNN,ethanol,1.743000e-04
432,2.169050e-03,8.615394e+00,1.798166e-03,1.709890e+01,N4SID,ethanol,1.491370e-02
433,2.169050e-03,8.025497e+00,1.675046e-03,2.277514e+01,FROLS,ethanol,9.602700e-03
434,2.169050e-03,7.213870e+00,1.505647e-03,3.058498e+01,LSTM,ethanol,4.479810e-02
435,2.169050e-03,7.411918e+00,1.546982e-03,2.867927e+01,CNN,ethanol,4.062440e-02
436,2.169050e-03,2.478750e+00,5.173536e-04,7.614838e+01,qLSTM,ethanol,1.239610e-02
437,2.169050e-03,7.287295e+00,1.520972e-03,2.987844e+01,qCNN,ethanol,1.690000e-04
438,2.169050e-03,8.034778e+00,1.676983e-03,2.268583e+01,N4SID,ethanol,1.492730e-02
439,2.169050e-03,7.852727e+00,1.638986e-03,2.443761e+01,FROLS,ethanol,9.403800e-03
440,2.169050e-03,7.671948e+00,1.601255e-03,2.617715e+01,LSTM,ethanol,4.479660e-02
441,2.169050e-03,9.022762e+00,1.883190e-03,1.317902e+01,CNN,ethanol,4.387580e-02
442,2.169050e-03,3.944990e+00,8.233806e-04,6.203957e+01,qLSTM,ethanol,1.289300e-02
443,2.169050e-03,8.419774e+00,1.757337e-03,1.898124e+01,qCNN,ethanol,1.677000e-04
444,2.169050e-03,7.866649e+00,1.641892e-03,2.430364e+01,N4SID,ethanol,1.467970e-02
445,2.169050e-03,7.755854e+00,1.618767e-03,2.536977e+01,FROLS,ethanol,1.098950e-02
446,2.169050e-03,7.656471e+00,1.598024e-03,2.632607e+01,LSTM,ethanol,4.566090e-02
447,2.169050e-03,8.742431e+00,1.824681e-03,1.587648e+01,CNN,ethanol,4.145120e-02
448,2.169050e-03,2.542500e+00,5.306591e-04,7.553495e+01,qLSTM,ethanol,1.268180e-02
449,2.169050e-03,8.291083e+00,1.730478e-03,2.021956e+01,qCNN,ethanol,1.690000e-04
450,2.169050e-03,7.801273e+00,1.628247e-03,2.493273e+01,N4SID,ethanol,1.502190e-02
451,2.169050e-03,7.683492e+00,1.603664e-03,2.606606e+01,FROLS,ethanol,1.081380e-02
452,2.169050e-03,7.652263e+00,1.597146e-03,2.636656e+01,LSTM,ethanol,4.623560e-02
453,2.169050e-03,7.673652e+00,1.601610e-03,2.616075e+01,CNN,ethanol,4.057860e-02
454,2.169050e-03,3.647492e+00,7.612882e-04,6.490223e+01,qLSTM,ethanol,1.246870e-02
455,2.169050e-03,7.313034e+00,1.526344e-03,2.963078e+01,qCNN,ethanol,1.989000e-04
456,2.169050e-03,9.491841e+00,1.981094e-03,8.665340e+00,N4SID,ethanol,1.537310e-02
457,2.169050e-03,7.517024e+00,1.568920e-03,2.766789e+01,FROLS,ethanol,9.782900e-03
458,2.169050e-03,7.667963e+00,1.600423e-03,2.621549e+01,LSTM,ethanol,4.809630e-02
459,2.169050e-03,8.220192e+00,1.715682e-03,2.090171e+01,CNN,ethanol,4.039030e-02
460,2.169050e-03,2.478750e+00,5.173536e-04,7.614838e+01,qLSTM,ethanol,1.286880e-02
461,2.169050e-03,7.879273e+00,1.644526e-03,2.418218e+01,qCNN,ethanol,1.646000e-04
462,2.169050e-03,7.218153e+00,1.506540e-03,3.054376e+01,N4SID,ethanol,1.504290e-02
463,2.169050e-03,7.602524e+00,1.586765e-03,2.684518e+01,FROLS,ethanol,1.036310e-02
464,2.169050e-03,7.430587e+00,1.550879e-03,2.849962e+01,LSTM,ethanol,4.568170e-02
465,2.169050e-03,8.030303e+00,1.676049e-03,2.272890e+01,CNN,ethanol,4.066130e-02
466,2.169050e-03,2.584999e+00,5.395295e-04,7.512600e+01,qLSTM,ethanol,1.220410e-02
467,2.169050e-03,7.827796e+00,1.633783e-03,2.467750e+01,qCNN,ethanol,1.684000e-04
468,2.169050e-03,8.260505e+00,1.724096e-03,2.051379e+01,N4SID,ethanol,1.488970e-02
469,2.169050e-03,7.571036e+00,1.580193e-03,2.714817e+01,FROLS,ethanol,1.052770e-02
470,2.169050e-03,7.617932e+00,1.589981e-03,2.669691e+01,LSTM,ethanol,4.617280e-02
471,2.169050e-03,8.505122e+00,1.775151e-03,1.815998e+01,CNN,ethanol,4.053080e-02
472,2.169050e-03,2.521250e+00,5.262240e-04,7.573943e+01,qLSTM,ethanol,1.250860e-02
473,2.169050e-03,7.930749e+00,1.655270e-03,2.368685e+01,qCNN,ethanol,1.705000e-04
474,2.109050e-03,8.367513e+00,1.746430e-03,1.719354e+01,N4SID,ethanol,1.446770e-02
475,2.109050e-03,8.213891e+00,1.714366e-03,1.871381e+01,FROLS,ethanol,9.573600e-03
476,2.109050e-03,7.747741e+00,1.617074e-03,2.332691e+01,LSTM,ethanol,4.507810e-02
477,2.109050e-03,8.611199e+00,1.797291e-03,1.478197e+01,CNN,ethanol,4.094940e-02
478,2.109050e-03,7.174968e+00,1.497527e-03,2.899518e+01,qLSTM,ethanol,1.304960e-02
479,2.109050e-03,8.291083e+00,1.730478e-03,1.794990e+01,qCNN,ethanol,1.805000e-04
480,2.109050e-03,8.176802e+00,1.706625e-03,1.908084e+01,N4SID,ethanol,1.519550e-02
481,2.109050e-03,8.007751e+00,1.671342e-03,2.075380e+01,FROLS,ethanol,1.114330e-02
482,2.109050e-03,7.579319e+00,1.581922e-03,2.499364e+01,LSTM,ethanol,4.600560e-02
483,2.109050e-03,8.211991e+00,1.713970e-03,1.873260e+01,CNN,ethanol,4.678110e-02
484,2.109050e-03,3.987490e+00,8.322510e-04,6.053906e+01,qLSTM,ethanol,1.268990e-02
485,2.109050e-03,8.368298e+00,1.746594e-03,1.718576e+01,qCNN,ethanol,1.646000e-04
486,2.109050e-03,7.976215e+00,1.664760e-03,2.106589e+01,N4SID,ethanol,1.504810e-02
487,2.109050e-03,7.940378e+00,1.657280e-03,2.142054e+01,FROLS,ethanol,9.904600e-03
488,2.109050e-03,7.710480e+00,1.609297e-03,2.369565e+01,LSTM,ethanol,4.613370e-02
489,2.109050e-03,8.789446e+00,1.834494e-03,1.301801e+01,CNN,ethanol,4.183560e-02
490,2.109050e-03,3.859991e+00,8.056400e-04,6.180081e+01,qLSTM,ethanol,1.263480e-02
491,2.109050e-03,8.445512e+00,1.762709e-03,1.642164e+01,qCNN,ethanol,1.590000e-04
492,2.109050e-03,7.976904e+00,1.664904e-03,2.105907e+01,N4SID,ethanol,1.491790e-02
493,2.109050e-03,7.872464e+00,1.643105e-03,2.209263e+01,FROLS,ethanol,1.042610e-02
494,2.109050e-03,7.596279e+00,1.585461e-03,2.482581e+01,LSTM,ethanol,4.526940e-02
495,2.109050e-03,8.464088e+00,1.766587e-03,1.623780e+01,CNN,ethanol,4.102770e-02
496,2.109050e-03,6.537472e+00,1.364472e-03,3.530396e+01,qLSTM,ethanol,1.271630e-02
497,2.109050e-03,8.522726e+00,1.778825e-03,1.565751e+01,qCNN,ethanol,1.595000e-04
498,2.109050e-03,8.038127e+00,1.677682e-03,2.045319e+01,N4SID,ethanol,1.476930e-02
499,2.109050e-03,7.828993e+00,1.634032e-03,2.252283e+01,FROLS,ethanol,1.090100e-02
500,2.109050e-03,7.700113e+00,1.607133e-03,2.379825e+01,LSTM,ethanol,4.670840e-02
501,2.109050e-03,8.657318e+00,1.806917e-03,1.432556e+01,CNN,ethanol,3.999770e-02
502,2.109050e-03,3.859991e+00,8.056400e-04,6.180081e+01,qLSTM,ethanol,1.275950e-02
503,2.109050e-03,8.445512e+00,1.762709e-03,1.642164e+01,qCNN,ethanol,1.652000e-04
504,2.109050e-03,7.867739e+00,1.642119e-03,2.213939e+01,N4SID,ethanol,1.563470e-02
505,2.109050e-03,7.774799e+00,1.622721e-03,2.305914e+01,FROLS,ethanol,8.004300e-03
506,2.109050e-03,7.622653e+00,1.590966e-03,2.456480e+01,LSTM,ethanol,4.508450e-02
507,2.109050e-03,8.408716e+00,1.755030e-03,1.678578e+01,CNN,ethanol,4.100190e-02
508,2.109050e-03,2.861248e+00,5.971868e-04,7.168456e+01,qLSTM,ethanol,1.285850e-02
509,2.109050e-03,8.471250e+00,1.768081e-03,1.616693e+01,qCNN,ethanol,1.656000e-04
510,2.109050e-03,7.951293e+00,1.659558e-03,2.131252e+01,N4SID,ethanol,1.523820e-02
511,2.109050e-03,7.799682e+00,1.627915e-03,2.281289e+01,FROLS,ethanol,1.122730e-02
512,2.109050e-03,7.417935e+00,1.548238e-03,2.659074e+01,LSTM,ethanol,4.983700e-02
513,2.109050e-03,7.597748e+00,1.585768e-03,2.481127e+01,CNN,ethanol,4.127670e-02
514,2.109050e-03,5.113732e+00,1.067315e-03,4.939355e+01,qLSTM,ethanol,1.239520e-02
515,2.109050e-03,7.647629e+00,1.596179e-03,2.431763e+01,qCNN,ethanol,1.624000e-04
